id:ID,name
23,2019款 城市物流车智联版长轴上汽时代52.5kWh
24,2020款 2.0T 手动PLUS城市版短轴超低顶5/6座
25,2017款 2.8T柴油自动两驱高底盘舒享型长厢国V
26,2020款 2.0T汽油手动两驱澳洲版长厢高底盘
27,2017款 2.0T 自动四驱 天狼星
28,2021款 2.0T 手动精英版 柴油 8座
29,2021款 2.0T PLUS AMT厢式货车VAN短轴中顶3座
30,2017款 2.8T柴油自动两驱高底盘精英型标厢国V
31,2020款 2.0T 汽油自动旗舰版
32,2021款 2.0T PLUS AMT商旅版加长轴高顶17/18座
33,2020款 大电量旗舰版 七座
34,2019款 2.0T Plus 6挡手动厢式货车VAN短轴超低顶2/3座
35,2020款 2.0T柴油自动四驱纪念版标厢高底盘
36,2020款 2.0T汽油自动两驱豪华型标厢高底盘
37,2019款 2.8T柴油自动两驱高底盘先锋版长厢国V
38,2017款 2.8T柴油自动四驱高底盘舒适型标厢国V
39,2021款 2.4L汽油手动两驱精英版长厢高底盘
40,2017款 2.4L汽油手动两驱低底盘舒享型标厢
41,2019款 2.8T柴油手动两驱高底盘先锋版标厢国V
42,2021款 2.0T PLUS 手动厢式货车VAN短轴中顶3座
43,2021款 2.0T PLUS AMT傲运通长轴中顶10座
44,2019款 2.0T Plus 6挡手动商旅版长轴中顶14/15座
45,2019款 2.0T柴油自动四驱舒享型标厢高底盘
46,2017款 2.8T柴油自动四驱高底盘舒适型长厢国V
47,2019款 1.5T 自动极客全配版 7座
48,2019款 2.0T Plus AMT商旅版短轴中顶11/12座
49,2020款 2.0T 汽油四驱豪华版
50,2020款 2.0T汽油手动两驱舒享型标厢高底盘
51,2019款 EV80纯电动城市物流车VAN长轴中顶2-3座71kWh
52,2021款 2.0T PLUS 手动商旅版长轴中顶14/15座
53,2017款 2.0T汽油自动四驱高底盘旗舰型长厢
54,2020款 大电量舒适版 七座
55,2013款 2.3L君享版长轴
56,2020款 2.0T柴油自动四驱纪念版长厢高底盘
57,2020款 改款 经典版 七座
58,2019款 2.5T经典款6挡手动商旅长轴高顶14/15座
59,2019款 RV80 C型灵动款
60,2021款 2.0T PLUS AMT城市版短轴超低顶7/8/9座
61,2020款 2.0T 柴油自动优选版
62,2020款 2.0T 汽油自动豪华行政版
63,2017款 2.8T柴油手动两驱低底盘舒适型长厢国V
64,2021款 2.0T PLUS 手动傲运通长轴中顶10座
65,2019款 2.0T Plus 6挡手动傲运通长轴高顶7座
66,2019款 2.0T柴油自动四驱豪华型长厢高底盘
67,2021款 2.0T PLUS AMT厢式货车VAN长轴中顶3座
68,2019款 2.0T 手动智多星后驱单胎加长轴高顶7座
69,2019款 2.0T Plus 6挡手动傲运通长轴高顶10座
70,2017款 2.8T柴油手动四驱高底盘精英型标厢国V
71,2017款 2.8T柴油手动四驱高底盘豪华型长厢国V
72,2013款 2.3L君享版短轴
73,2021款 PLUS 2.0T 柴油自动行政版
74,2019款 城市物流车智运版短轴上汽时代35kWh
75,2019款 2.5T经典款AMT商旅长轴中顶9座
76,2020款 纯电动厢式运输车加长轴高顶长续航版
77,2019款 2.0T柴油手动两驱舒享型长厢高底盘
78,2020款 2.0T 柴油两驱畅享版
79,2019款 2.0T Plus AMT傲运通长轴中顶10座
80,2017款 2.8T柴油自动两驱高底盘舒适型标厢国V
81,2019款 2.0T柴油自动四驱精英型标厢高底盘
82,2021款 2.0T PLUS AMT商旅版短轴中顶11/12座
83,2019款 2.5T经典款6挡手动傲运通长轴中顶10座
84,2020款 LITE 510
85,2019款 2.0T 自动智达后驱单胎长轴高顶12座
86,2019款 2.0T 手动智达后驱双胎加长轴超高顶15座
87,2019款 1.5T 自动潮享版 6座
88,2020款 2.5T AMT经典城配王短轴中顶2/3座
89,2021款 2.0T PLUS 手动厢式货车VAN短轴超低顶3座
90,2019款 1.5T 自动潮享版 5座
91,2019款 2.0T 自动VAN后驱单胎长轴高顶3座
92,2017款 2.0T汽油自动两驱高底盘精英型标厢
93,2019款 2.0T 手动四驱 海王星 国V
94,2019款 2.5T经典款AMT商旅长轴中顶14/15座
95,2021款 2.0T PLUS 手动商旅版短轴中顶9座
96,2019款 2.5T经典款AMT傲运通长轴中顶10座
97,2019款 2.5T经典款AMT商旅加长轴高顶17-18座
98,2021款 1.5T 自动极客全配版
99,2021款 1.5T 自动精英版
100,2019款 2.0T 手动智达后驱双胎加长轴高顶15座
101,2017款 2.0T汽油手动两驱高底盘精英型标厢
102,2020款 1.3T PLUG IN MATE
103,2019款 2.5T经典款AMT厢式货车VAN长轴中顶2/3座
104,2019款 2.0T汽油自动两驱高底盘舒享型长厢国VI
105,2019款 城市物流车快运版短轴上汽时代52.5kWh
106,2021款 2.0T PLUS 手动傲运通短轴中顶5/6座
107,2020款 2.0T柴油自动四驱舒适版长厢高底盘
108,2020款 2.0T柴油手动四驱高底盘先锋版标厢国VI
109,2020款 2.0T汽油自动两驱精英型长厢高底盘
110,2020款 2.0T柴油手动两驱高底盘先锋版长厢国VI
111,2019款 城市物流车智联版长轴盟固利35kWh
112,2019款 2.5T经典款6挡手动傲运通短轴超低顶10座
113,2019款 2.0T AMT智多星前驱单胎短轴中顶6座
114,2019款 2.5T经典款6挡手动傲运通短轴中顶10座
115,2021款 2.0T PLUS AMT厢式货车VAN长轴高顶3座
116,2019款 2.0T Plus 6挡手动傲运通短轴中顶5/6座
117,2019款 2.0T Plus AMT傲运通长轴高顶7座
118,2017款 2.0T 自动四驱 北极星
119,2020款 2.0T汽油自动四驱旗舰型标厢高底盘
120,2019款 2.0T 自动两驱 天王星 国VI
121,2021款 2.0T PLUS 手动傲运通短轴中顶10座
122,2017款 2.0T汽油自动两驱高底盘舒享型长厢
123,2020款 2.0T 汽油四驱墨脱版
124,2019款 2.0T 手动VAN后驱双胎加长轴超高顶3座
125,2020款 2.0T 手动PLUS城市版短轴超低顶7/8/9座
126,2017款 2.8T柴油手动两驱高底盘舒适型长厢国V
127,2017款 2.0T汽油手动两驱高底盘精英型长厢
128,2019款 2.0T 自动智达后驱双胎加长轴超高顶9座
129,2017款 2.0T 自动两驱 水星基础版
130,2019款 2.0T柴油手动两驱豪华型长厢高底盘
131,2019款 2.5T经典款AMT厢式货车VAN短轴中顶2/3座
132,2020款 2.0T柴油手动四驱舒适版标厢高底盘
133,2017款 2.0T汽油自动四驱高底盘精英型标厢
134,2019款 2.5T经典款AMT商旅加长轴中顶17座无移门
135,2019款 2.5T经典款6挡手动商旅加长轴中顶17座无移门
136,2019款 城市物流车快运版长轴上汽时代52.5kWh
137,2019款 2.0T Plus AMT傲运通长轴中顶7座
138,2019款 1.5T 自动悦享版 7座
139,2019款 2.0T 自动四驱 天狼星 国V
140,2020款 改款 经典版 五座
141,2020款 2.0T柴油手动四驱纪念版标厢高底盘
142,2021款 2.0T PLUS AMT商旅版长轴中顶9座
143,2020款 大电量豪华版 五座
144,2019款 2.5T经典款AMT傲运通短轴中顶10座
145,2017款 2.8T柴油手动两驱低底盘精英型长厢国V
146,2020款 经典版 五座
147,2017款 2.0T汽油自动四驱高底盘精英型长厢
148,2017款 2.0T 自动两驱 天王星
149,2020款 2.0T 汽油自动尊享行政版
150,2019款 纯电动商旅版
151,2021款 2.0T PLUS AMT傲运通长轴中顶6/7/8/9座
152,2019款 2.0T Plus AMT商旅版加长轴高顶17/18座
153,2019款 2.0T 手动智多星前驱单胎短轴高顶6座
154,2013款 1.8T超值版长轴
155,2021款 2.0T PLUS 手动商旅版短轴中顶11/12座
156,2021款 2.0T PLUS 手动商旅版加长轴高顶17/18座
157,2019款 城市物流车快运版长轴盟固利35kWh
158,2021款 2.0T 手动智享版 汽油 7座
159,2021款 生活家V90 别墅版
160,2021款 2.4L汽油手动四驱进取版长厢高底盘
161,2017款 2.4L汽油手动两驱高底盘舒享型标厢
162,2020款 2.0T汽油自动两驱舒享型长厢高底盘
163,2019款 2.0T 自动智达后驱单胎长轴高顶9座
164,2020款 2.0T 柴油自动行政版
165,2021款 2.0T PLUS AMT商旅版加长轴中顶17/18座
166,2020款 MATE 510
167,2019款 2.0T柴油自动两驱舒享型标厢高底盘
168,2021款 旅行家 阳光版
169,2020款 2.0T柴油手动四驱高底盘先锋版长厢国VI
170,2019款 2.0T 手动VAN后驱单胎长轴高顶3座
171,2020款 2.0T柴油手动四驱澳洲版标厢高底盘
172,2020款 2.0T AMT运杰版前驱后单胎短轴中顶6座
173,2019款 2.0T Plus 6挡手动傲运通短轴超低顶5/6座
174,2020款 改款 大电量舒适版 五座
175,2020款 2.0T AMT PLUS城市版短轴超低顶7/8/9座
176,2019款 2.8T柴油自动四驱高底盘先锋版标厢国V
177,2020款 2.0T 手动运杰版前驱后单胎长轴高顶7座
178,2017款 2.8T柴油手动四驱高底盘舒享型标厢国V
179,2019款 2.0T 手动智多星后驱单胎加长轴超高顶7座
180,2021款 2.0T 自动精英版 柴油 9座
181,2020款 2.0T汽油自动四驱精英型标厢高底盘
182,2019款 2.0T Plus AMT傲运通长轴高顶10座
183,2019款 1.5T 自动智享版 5座
184,2013款 2.3L尊享版长轴
185,2019款 2.0T 自动两驱 水星 国VI
186,2020款 2.0T 汽油两驱豪华版
187,2017款 2.8T柴油手动两驱高底盘精英型长厢国V
188,2019款 EV80纯电动城市物流车VAN短轴低顶2-3座53kWh
189,2017款 2.8T柴油手动两驱高底盘精英型标厢国V
190,2019款 城市物流车快运版短轴盟固利35kWh
191,2019款 2.0T 自动智多星后驱单胎加长轴高顶7座
192,2021款 PLUS 2.0T 柴油自动豪华行政版
193,2020款 2.0T柴油手动两驱纪念版长厢高底盘
194,2019款 EV80纯电动城市物流车VAN短轴中顶2-3座53kWh
195,2020款 大电量旗舰版 五座
196,2019款 2.5T经典款AMT商旅短轴中顶11-12座
197,2021款 2.0T PLUS 手动傲运通长轴高顶6/7/8/9座
198,2019款 2.0T柴油自动四驱豪华型标厢高底盘
199,2019款 2.0T Plus 6挡手动商旅版加长轴中顶17/18座
200,2020款 2.0T汽油自动四驱舒享型标厢高底盘
201,2020款 2.0T汽油自动四驱旗舰型长厢高底盘
202,2019款 2.5T经典款6挡手动商旅短轴低顶9座
203,2019款 2.5T经典款AMT傲运通改款短轴超低顶5/6座
204,2020款 2.0T柴油自动两驱高底盘先锋版长厢国VI
205,2021款 2.0T PLUS 手动城市版短轴超低顶5/6座
206,2020款 2.0T柴油自动两驱澳洲版长厢高底盘
207,2017款 2.8T柴油自动两驱高底盘精英型长厢国V
208,2020款 2.0T汽油手动四驱澳洲版标厢高底盘
209,2021款 PLUS 2.0T 汽油自动智尊版
210,2019款 2.0T 手动智达后驱双胎加长轴超高顶9座
211,2020款 2.0T汽油手动四驱精英型标厢高底盘
212,2017款 2.8T柴油手动两驱低底盘舒适型标厢国V
213,2020款 2.0T 柴油自动豪华行政版
214,2019款 城市物流车智运版短轴盟固利35kWh
215,2020款 2.0T汽油自动两驱豪华型长厢高底盘
216,2020款 2.0T汽油手动两驱澳洲版标厢高底盘
217,2020款 EXTRA 510
218,2020款 纯电动厢式运输车长轴高顶标准版
219,2020款 2.0T 柴油四驱罗布泊版
220,2021款 PLUS 2.0T 汽油自动旗舰版
221,2019款 1.5T 自动尊享版 6座
222,2019款 2.0T 自动智多星后驱单胎长轴高顶7座
223,2017款 2.0T 自动两驱 水星
224,2020款 2.0T汽油手动四驱澳洲版长厢高底盘
225,2020款 2.5T 手动经典城配王长轴中顶2/3座
226,2020款 2.0T柴油手动两驱舒适版标厢高底盘
227,2020款 2.0T汽油自动四驱澳洲版长厢高底盘
228,2019款 2.0T 自动智达后驱双胎加长轴高顶9座
229,2019款 1.5T 自动尊享版 5座
230,2019款 2.5T经典款AMT厢式货车VAN短轴中顶6座
231,2019款 2.5T经典款AMT商旅长轴高顶14/15座
232,2021款 1.5T 自动豪华版
233,2020款 2.0T柴油手动两驱高底盘先锋版标厢国VI
234,2019款 城市物流车智运版短轴上汽时代52.5kWh
235,2020款 2.0T 柴油四驱畅享版
236,2021款 2.4L汽油手动四驱精英版长厢高底盘
237,2021款 2.0T PLUS AMT商旅版短轴中顶9座
238,2019款 2.8T柴油自动四驱高底盘先锋版长厢国V
239,2017款 2.8T柴油自动四驱高底盘豪华型标厢国V
240,2019款 2.0T柴油手动四驱豪华型标厢高底盘
241,2019款 2.0T Plus AMT厢式货车VAN短轴中顶2-3座
242,2017款 2.0T汽油自动两驱高底盘精英型长厢
243,2017款 2.0T 手动四驱 海王星
244,2019款 2.0T 自动智达后驱双胎加长轴高顶15座
245,2021款 豪华版
246,2021款 2.0T 手动智享版 柴油 7座
247,2019款 1.5T 自动舒享版 5座
248,2019款 1.5T 自动智享版 7座
249,2021款 2.0T PLUS 手动傲运通短轴中顶7/8/9座
250,2019款 2.0T柴油自动四驱精英型长厢高底盘
251,2020款 2.0T柴油自动两驱高底盘先锋版标厢国VI
252,2019款 2.0T Plus AMT商旅版加长轴中顶17/18座
253,2021款 精英型
254,2020款 改款 大电量舒适版 七座
255,2021款 2.0T PLUS AMT商旅版长轴中顶14/15座
256,2017款 2.0T汽油自动两驱高底盘豪华型标厢
257,2020款 2.0T柴油手动四驱舒适版长厢高底盘
258,2020款 2.0T汽油自动四驱豪华型长厢高底盘
259,2019款 2.8T柴油手动四驱高底盘先锋版标厢国V
260,2020款 2.0T柴油自动两驱纪念版标厢高底盘
261,2019款 1.3T 手动乐享版 5座
262,2013款 2.3L尊享版短轴
263,2019款 2.0T Plus 6挡手动厢式货车VAN短轴中顶2-3座
264,2019款 2.5T经典款6挡手动商旅短轴中顶11座无移门
265,2019款 2.5T经典款6挡手动厢式货车VAN长轴高顶3座
266,2019款 2.5T经典款AMT商旅长轴中顶14座无移门
267,2019款 1.5T 自动潮享版 7座
268,2017款 2.4L汽油手动两驱低底盘舒享型长厢
269,2019款 2.5T经典款6挡手动傲运通长轴高顶10座
270,2019款 2.0T Plus AMT傲运通短轴中顶10座
271,2019款 2.0T Plus AMT傲运通短轴中顶5/6座
272,2021款 1.3T 手动乐享起始版
273,2020款 2.0T 汽油自动智享版
274,2020款 2.0T柴油手动两驱舒适版长厢高底盘
275,2019款 2.0T Plus AMT厢式货车VAN短轴超低顶2/3座
276,2020款 纯电动厢式运输车长轴高顶长续航版
277,2021款 2.0T PLUS 手动商旅版加长轴中顶17/18座
278,2019款 2.0T 自动四驱 北极星 国V
279,2017款 2.0T 手动两驱 火星基础版
280,2020款 大电量舒适版 五座
281,2021款 2.0T PLUS AMT傲运通短轴中顶7/8/9座
282,2019款 2.5T经典款6挡手动商旅加长轴高顶17座无移门
283,2019款 2.0T Plus 6挡手动傲运通长轴中顶10座
284,2019款 城市物流车快运版短轴上汽时代35kWh
285,2017款 2.8T柴油手动四驱高底盘舒适型长厢国V
286,2019款 2.5T经典款6挡手动商旅短轴中顶11-12座
287,2019款 2.5T经典款AMT商旅加长轴中顶17-18座
288,2020款 2.0T AMT运杰版前驱后单胎长轴高顶7座
289,2020款 2.0T 汽油四驱旗舰版
290,2019款 2.0T 自动智多星后驱单胎加长轴超高顶7座
291,2019款 2.0T AMT智多星前驱单胎短轴高顶6座
292,2019款 2.0T 手动两驱 火星 国V
293,2019款 2.0T Plus AMT厢式货车VAN长轴中顶2-3座
294,2019款 2.5T经典款6挡手动厢式货车VAN短轴中顶2/3座
295,2013款 1.8T精英版9座短轴
296,2020款 2.0T汽油自动两驱澳洲版标厢高底盘
297,2019款 2.5T经典款6挡手动厢式货车VAN短轴中顶6座
298,2021款 PLUS 2.0T 汽油自动豪华版
299,2020款 LITE 350
300,2020款 2.0T柴油自动四驱澳洲版标厢高底盘
301,2019款 2.5T经典款6挡手动傲运通改款短轴中顶5/6座
302,2019款 2.0T柴油手动四驱精英型长厢高底盘
303,2020款 2.0T柴油自动两驱纪念版长厢高底盘
304,2021款 2.0T 手动精英版 汽油 7座
305,2020款 2.0T AMT运杰版前驱后单胎短轴高顶6座
306,2019款 2.8T柴油手动两驱高底盘先锋版长厢国V
307,2021款 2.0T PLUS AMT傲运通长轴高顶6/7/8/9座
308,2021款 2.0T PLUS 手动傲运通长轴中顶6/7/8/9座
309,2020款 2.0T 柴油四驱阿拉善版
310,2017款 2.8T柴油手动四驱高底盘豪华型标厢国V
311,2017款 2.8T柴油手动两驱高底盘舒享型长厢国V
312,2019款 2.5T经典款6挡手动傲运通改款短轴超低顶5/6座
313,2017款 2.4L汽油手动四驱高底盘舒享型标厢
314,2019款 2.5T经典款AMT傲运通长轴高顶10座
315,2019款 2.5T经典款AMT商旅加长轴高顶17座无移门
316,2020款 2.0T汽油手动两驱舒享型长厢高底盘
317,2019款 2.0T柴油手动两驱精英型标厢高底盘
318,2019款 2.0T Plus AMT商旅版长轴中顶14/15座
319,2019款 2.0T AMT VAN前驱单胎短轴高顶3座
320,2020款 2.0T柴油自动四驱澳洲版长厢高底盘
321,2020款 大电量豪华版 七座
322,2020款 经典版 七座
323,2017款 2.4L汽油手动四驱高底盘精英型标厢
324,2019款 2.5T经典款6挡手动商旅长轴中顶9座
325,2019款 2.0T柴油手动四驱精英型标厢高底盘
326,2021款 2.0T 自动精英版 汽油 7座
327,2021款 2.0T 手动精英版 柴油 7座
328,2021款 2.0T PLUS AMT厢式货车VAN短轴超低顶3座
329,2021款 2.0T PLUS 手动商旅版长轴高顶14/15座
330,2019款 1.5T 自动舒享版 6座
331,2021款 2.0T PLUS AMT傲运通短轴中顶10座
332,2020款 2.0T汽油手动四驱舒享型长厢高底盘
333,2021款 PLUS 2.0T 柴油自动豪华版
334,2020款 2.0T 手动运杰版前驱后单胎短轴高顶6座
335,2020款 2.5T 手动经典城配王短轴中顶2/3座
336,2017款 2.4L汽油手动两驱高底盘精英型标厢
337,2020款 2.5T 手动经典城配王长轴高顶2/3座
338,2021款 生活家V90
339,2020款 2.5T AMT经典城配王长轴中顶2/3座
340,2019款 2.0T柴油自动四驱旗舰型长厢高底盘
341,2019款 城市物流车智联版短轴上汽时代52.5kWh
342,2019款 2.0T Plus 6挡手动傲运通长轴中顶7座
343,2019款 2.0T 手动智达后驱双胎加长轴高顶9座
344,2017款 2.0T 手动两驱 火星
345,2019款 2.0T Plus 6挡手动厢式货车VAN长轴中顶2-3座
346,2020款 2.0T 柴油自动豪华版
347,2019款 2.0T Plus 6挡手动厢式货车VAN长轴高顶2-3座
348,2020款 2.0T 汽油自动臻选版
349,2021款 2.0T 手动精英版 汽油 9座
350,2020款 2.0T 汽油自动豪华版
351,2020款 2.0T柴油手动四驱纪念版长厢高底盘
352,2017款 2.8T柴油手动两驱高底盘豪华型标厢国V
353,2019款 1.5T 自动舒享版 7座
354,2020款 2.0T柴油手动四驱澳洲版长厢高底盘
355,2019款 2.5T经典款6挡手动厢式货车VAN长轴中顶2/3座
356,2017款 2.8T柴油手动两驱高底盘舒享型标厢国V
357,2020款 2.0T柴油手动两驱澳洲版长厢高底盘
358,2017款 2.8T柴油自动四驱高底盘精英型长厢国V
359,2020款 2.0T汽油自动四驱舒享型长厢高底盘
360,2019款 1.5T 自动尊享版 7座
361,2017款 2.0T汽油自动两驱高底盘舒享型标厢
362,2020款 2.0T 汽油两驱精英版
363,2019款 2.0TGI 升顶露营车阳光版
364,2019款 城市物流车智运版长轴上汽时代52.5kWh
365,2019款 EV80纯电动城市物流车VAN长轴高顶2-3座71kWh
366,2017款 2.0T汽油自动四驱高底盘舒享型标厢
367,2019款 2.5T经典款6挡手动傲运通改款长轴高顶7座
368,2020款 2.0T柴油自动四驱舒适版标厢高底盘
369,2019款 2.0T柴油自动四驱旗舰型标厢高底盘
370,2019款 2.5T经典款AMT商旅短轴中顶11座无移门
371,2021款 PLUS 2.0T 汽油自动豪华行政版
372,2020款 2.0T柴油手动两驱澳洲版标厢高底盘
373,2019款 2.5T经典款AMT傲运通短轴超低顶10座
374,2020款 2.0T汽油自动四驱精英型长厢高底盘
375,2020款 2.5T 改款手动经典城配王短轴超低顶2/3座
376,2017款 2.8T柴油自动四驱高底盘舒享型长厢国V
377,2017款 2.8T柴油手动两驱低底盘舒享型长厢国V
378,2020款 2.0T 汽油自动智尊版
379,2019款 2.5T经典款AMT商旅短轴中顶9座
380,2017款 2.0T 自动四驱 全配版
381,2019款 2.0T柴油手动两驱舒享型标厢高底盘
382,2021款 2.0T PLUS AMT商旅版长轴高顶14-15座
383,2019款 2.0T 手动智达后驱单胎长轴高顶9座
384,2019款 2.0T Plus AMT傲运通短轴超低顶5/6座
385,2019款 2.0T Plus 6挡手动傲运通短轴中顶10座
386,2021款 旗舰版
387,2019款 2.0T Plus 6挡手动商旅版短轴中顶11/12座
388,2019款 2.0T 手动VAN后驱双胎加长轴高顶3座
389,2021款 2.0T 自动精英版 柴油 7座
390,2019款 2.5T经典款6挡手动商旅短轴中顶9座
391,2021款 旅行家V90
392,2021款 2.0T 自动精英版 汽油 9座
393,2019款 RV80 B型房车长轴
394,2017款 2.8T柴油手动四驱高底盘精英型长厢国V
395,2019款 2.5T经典款6挡手动商旅加长轴中顶17-18座
396,2021款 PLUS 2.0T 汽油自动尊享行政版
397,2021款 2.0T PLUS 手动城市版短轴超低顶7/8/9座
398,2021款 PLUS 2.0T 汽油自动臻选行政版
399,2021款 2.0T 自动智享版 汽油 7座
400,2019款 2.5T经典款AMT傲运通改款长轴高顶7座
401,2021款 2.0T PLUS AMT城市版短轴超低顶5/6座
402,2020款 1.3T PLUG IN 精英版
403,2021款 2.4L汽油手动两驱进取版标厢高底盘
404,2021款 1.5T 自动尊享版
405,2021款 2.0T PLUS 手动商旅版长轴中顶9座
406,2019款 2.0T 自动VAN后驱双胎加长轴超高顶3座
407,2019款 2.5T经典款6挡手动商旅加长轴高顶17-18座
408,2019款 2.0T 手动智达后驱单胎长轴高顶12座
409,2017款 2.8T柴油自动四驱高底盘舒享型标厢国V
410,2020款 2.0T汽油手动两驱精英型标厢高底盘
411,2019款 FCV80燃料电池客车加长轴中顶10-14座
412,2020款 2.0T柴油自动四驱高底盘先锋版标厢国VI
413,2020款 2.0T 汽油自动行政版
414,2019款 纯电动旗舰版
415,2019款 城市物流车智联版短轴上汽时代35kWh
416,2021款 2.0T PLUS AMT傲运通短轴中顶5/6座
417,2019款 2.0T 手动智多星后驱单胎长轴高顶7座
418,2019款 2.0T 手动智多星前驱单胎短轴中顶6座
419,2019款 2.5T经典款AMT商旅短轴低顶9座
420,2019款 1.3T 手动极客起始版 5座
421,2020款 2.0T汽油自动两驱舒享型标厢高底盘
422,2017款 2.8T柴油手动四驱高底盘舒适型标厢国V
423,2019款 2.0T柴油自动两驱舒享型长厢高底盘
424,2017款 2.8T柴油手动两驱高底盘豪华型长厢国V
425,2019款 2.0T 手动智多星前驱单胎长轴高顶7座
426,2020款 2.0T AMT PLUS城市版短轴超低顶5/6座
427,2017款 2.8T柴油自动两驱高底盘舒享型标厢国V
428,2019款 2.0T 手动两驱 火星基础版 国V
429,2020款 2.0T 手动运杰版前驱后单胎短轴中顶6座
430,2013款 1.8T超值版短轴
431,2020款 2.0T汽油自动两驱精英型标厢高底盘
432,2019款 城市物流车智运版长轴盟固利35kWh
433,2019款 2.5T经典款6挡手动傲运通改款长轴中顶7座
434,2019款 2.0T柴油手动四驱舒享型长厢高底盘
435,2020款 2.0T汽油手动四驱精英型长厢高底盘
436,2019款 纯电动豪华行政版
437,2019款 2.0T AMT智多星前驱单胎长轴高顶7座
438,2021款 2.4L汽油手动两驱精英版标厢高底盘
439,2020款 1.3T PLUG IN EXTRA
440,2020款 2.0T汽油自动两驱澳洲版长厢高底盘
441,2020款 2.0T柴油自动两驱澳洲版标厢高底盘
442,2019款 2.0T柴油手动四驱豪华型长厢高底盘
443,2021款 2.0T PLUS 手动厢式货车VAN长轴中顶3座
444,2019款 2.0T柴油手动四驱舒享型标厢高底盘
445,2017款 2.8T柴油自动四驱高底盘精英型标厢国V
446,2019款 2.0T 手动VAN前驱单胎长轴高顶3座
447,2021款 2.4L汽油手动四驱进取版标厢高底盘
448,2020款 2.0T汽油自动四驱豪华型标厢高底盘
449,2019款 2.5T经典款AMT傲运通改款长轴中顶7座
450,2019款 2.5T经典款6挡手动商旅长轴中顶14座无移门
451,2021款 2.0T PLUS 手动傲运通长轴高顶10座
452,2021款 PLUS 2.0T 汽油自动行政版
453,2019款 1.5T 自动悦享版 5座
454,2017款 2.4L汽油手动四驱高底盘舒享型长厢
455,2017款 2.0T汽油手动四驱高底盘精英型长厢
456,2019款 1.5T 自动悦享版 6座
457,2020款 2.0T柴油自动四驱高底盘先锋版长厢国VI
458,2017款 2.0T汽油手动四驱高底盘精英型标厢
459,2020款 2.5T 改款AMT经典城配王短轴超低顶2/3座
460,2019款 1.3T 手动乐享版 7座
461,2021款 2.0T 手动精英版 柴油 9座
462,2013款 1.8T精英旅游版长轴
463,2017款 2.8T柴油手动四驱高底盘舒享型长厢国V
464,2019款 2.0T Plus 6挡手动商旅版加长轴高顶17/18座
465,2019款 2.0T柴油手动两驱精英型长厢高底盘
466,2019款 2.0T Plus AMT厢式货车VAN长轴高顶2-3座
467,2019款 1.5T 自动智享版 6座
468,2020款 2.0T汽油手动四驱舒享型标厢高底盘
469,2019款 2.0T 自动VAN后驱双胎加长轴高顶3座
470,2013款 1.8T超值版9座短轴
471,2020款 2.0T柴油手动两驱纪念版标厢高底盘
472,2021款 1.3T 手动精英版
473,2020款 1.3T PLUG IN LITE
474,2019款 2.0T柴油自动四驱舒享型长厢高底盘
475,2019款 纯电动精英版
476,2019款 2.0T柴油自动两驱精英型长厢高底盘
477,2013款 1.8T精英版短轴
478,2019款 2.0T柴油自动两驱精英型标厢高底盘
479,2020款 1.3T PLUG IN 尊享版
480,2020款 2.0T汽油手动两驱精英型长厢高底盘
481,2019款 RV80 C型舒展款标准版
482,2013款 1.8T精英版长轴
483,2021款 旅行家 时光版
484,2020款 1.3T PLUG IN LITE+
485,2019款 2.8T柴油手动四驱高底盘先锋版长厢国V
486,2021款 2.4L汽油手动四驱精英版标厢高底盘
487,2020款 2.0T柴油自动两驱舒适版长厢高底盘
488,2021款 2.4L汽油手动两驱进取版长厢高底盘
489,2020款 1.3T PLUG IN 豪华版
490,2019款 2.0T 自动智达后驱双胎加长轴超高顶15座
491,2019款 2.4L汽油手动四驱高底盘先锋版长厢
492,2019款 城市物流车智联版短轴盟固利35kWh
493,2020款 2.5T AMT经典城配王长轴高顶2/3座
494,2019款 1.3T 手动乐享版 6座
495,2020款 纯电动厢式运输车加长轴高顶标准版
496,2017款 2.0T汽油自动四驱高底盘舒享型长厢
497,2021款 2.0T PLUS AMT傲运通长轴高顶10座
498,2020款 2.0T汽油自动四驱澳洲版标厢高底盘
499,2021款 2.0T PLUS 手动厢式货车VAN长轴高顶3座
500,2019款 2.0T 手动VAN前驱单胎短轴高顶3座
501,2017款 2.8T柴油手动两驱高底盘舒适型标厢国V
502,2019款 2.5T经典款6挡手动商旅长轴中顶14/15座
503,2019款 2.5T经典款AMT傲运通改款短轴中顶5/6座
504,2020款 2.0T柴油自动两驱舒适版标厢高底盘
